Source_Language,Word,First_Use_Year,MW_Included,Category,Max_Frequency,Mean_Frequency,Non_Zero_Years,Is_Multi_Source,Source_Count
日语,shabu-shabu,1967,1,火锅,,,,0,1
汉语,general tso's,,0,菜品,,,,0,1
汉语,sweet sesame balls,,0,甜品,,,,0,1
汉语,pu-erh,,0,茶,,,,0,1
法语,hors d'oeuvre,1714,1,开胃菜,,,,0,1
德语,rinderbraten,,0,菜品,,,,0,1
土耳其语,yuzushu,,0,饮品,,,,0,1
土耳其语,est! est!! est!!!,,0,饮品,,,,0,1
土耳其语,aperol spritz,,0,饮品,,,,0,1
韩语,jjamppong,,0,面食,,,,0,1
韩语,chogochujang,,0,调味品,,,,0,1
韩语,bokbunja,,0,饮品,,,,0,1
韩语,misugaru,,0,饮品,,,,0,1
韩语,oksusu cha,,0,饮品,,,,0,1
韩语,hyeonmi cha,,0,饮品,,,,0,1
韩语,hwangcha,,0,饮品,,,,0,1
韩语,cheongtaek,,0,饮品,,,,0,1
韩语,baekcha,,0,饮品,,,,0,1
韩语,yakcha,,0,饮品,,,,0,1
韩语,tteokcha,,0,饮品,,,,0,1
韩语,byeongcha,,0,饮品,,,,0,1
韩语,garucha,,0,饮品,,,,0,1
韩语,ipcha,,0,饮品,,,,0,1
韩语,deokcha,,0,饮品,,,,0,1
韩语,jeongcha,,0,饮品,,,,0,1
德语,bratkartoffeln,,0,菜品,1.0024292903690731e-10,8.899792823026459e-12,51.0,0,1
韩语,dotorimuk,,0,食材,2.384863875826149e-10,1.1684337597586783e-11,23.0,0,1
韩语,tangsuyuk,,0,菜品,2.614158423460847e-10,1.3913784419234608e-11,24.0,0,1
韩语,sujeonggwa,,0,饮品,2.6570445546151127e-10,1.3931349553727803e-11,23.0,0,1
纳瓦特尔语,xtabentún,,0,饮品,3.149648875044875e-10,1.5051128382123862e-11,41.0,0,1
韩语,haemul pajeon,,0,菜品,3.5784896375488726e-10,1.8185501739688968e-11,30.0,0,1
韩语,boricha,,0,饮品,3.2100190561212827e-10,1.8731136742848156e-11,43.0,0,1
印地语/乌尔都语,gol gappa,,0,小吃,3.76166665277162e-10,2.0850387232170397e-11,46.0,0,1
韩语,maesil,,0,饮品,3.6523313242823157e-10,2.1236435811732956e-11,44.0,0,1
土耳其语,campari soda,,0,饮品,1.6915527807835418e-10,2.132051449528337e-11,68.0,0,1
纳瓦特尔语,chibé,,0,饮品,1.6544744740887296e-10,2.157134321916393e-11,95.0,0,1
韩语,hongeo,,0,发酵鱼,5.965869430413218e-10,2.2335950587267825e-11,23.0,0,1
德语,rotkohl,,0,小菜,1.7973844238358287e-10,2.268477062734873e-11,78.0,0,1
韩语,sannakji,,0,生食,5.553094730080333e-10,2.455581921932509e-11,18.0,0,1
韩语,budae jjigae,,0,汤,7.33355964843696e-10,2.4627483138348295e-11,22.0,0,1
德语,kaiserschmarrn,,0,甜品,3.3859320902607237e-10,2.4887873844358883e-11,69.0,0,1
印地语/乌尔都语,mukhwas,,0,咀嚼品,4.839170473066747e-10,2.626588364661757e-11,35.0,0,1
韩语,doenjang jjigae,,0,汤,6.301515876565895e-10,2.7043412090758147e-11,23.0,0,1
韩语,kimchi jjigae,,0,汤,7.281310998585865e-10,3.1194921420660944e-11,24.0,0,1
德语,spritz cookie,,0,甜品,3.5841519137523395e-10,3.1446705795854976e-11,82.0,0,1
韩语,yukhoe,,0,生食,7.271699869233165e-10,3.1700349616246356e-11,45.0,0,1
纳瓦特尔语,tascalate,,0,饮品,2.585473591173607e-10,3.1857589294486946e-11,76.0,0,1
韩语,hongcha,,0,饮品,5.081719570606177e-10,3.347696512156861e-11,62.0,0,1
德语,schweinebraten,,0,菜品,2.9463872016791525e-10,3.430506019256636e-11,59.0,0,1
韩语,sikhye,,0,饮品,4.850973967756341e-10,3.7810422460690437e-11,76.0,0,1
韩语,miyeok,,0,食材,9.443635318184818e-10,3.958439996966794e-11,42.0,0,1
土耳其语,aperol,,0,饮品,5.890923998608243e-10,4.071004102532058e-11,65.0,0,1
韩语,kalguksu,,0,面食,8.428005535529185e-10,4.448731346781404e-11,38.0,0,1
汉语,ma po tofu,,0,菜品,9.345991520375611e-10,4.7247440319057095e-11,46.0,0,1
韩语,jajangmyeon,,0,面食,7.723586452940928e-10,4.90825318804262e-11,23.0,0,1
韩语,kabosu,,0,水果,4.5284105830236035e-10,5.334124383754195e-11,67.0,0,1
土耳其语,sgroppino,,0,饮品,9.794787536598902e-10,5.3584765315304055e-11,38.0,0,1
韩语,samgyeopsal,,0,肉类,9.415496874228983e-10,5.580513740754757e-11,23.0,0,1
韩语,sundubu,,0,汤,1.1161129718852335e-09,5.6397473447499395e-11,39.0,0,1
德语,kipferl,,0,烘焙,6.395113208831506e-10,6.380795929201099e-11,86.0,0,1
韩语,ssamjang,,0,调味品,1.5825038501837694e-09,6.409170797688755e-11,29.0,0,1
韩语,acorn jelly,,0,食材,5.508707934254176e-10,6.842829497776635e-11,101.0,0,1
印地语/乌尔都语,chiwda,,0,小吃,4.761482944037887e-10,6.861830645094798e-11,83.0,0,1
韩语,tteokbokki,,0,小吃,1.7169038690756364e-09,6.94251409622859e-11,22.0,0,1
德语,marzen,,0,饮品,8.156463242909545e-10,7.021375713556562e-11,85.0,0,1
韩语,nokcha,,0,饮品,1.027283298109844e-09,7.349965826177255e-11,67.0,0,1
阿拉伯语,mujaddara,,0,菜品,1.031897583254298e-09,8.049142014435477e-11,72.0,0,1
汉语,dan dan noodles,,0,面食,1.36723391338681e-09,8.430475485215079e-11,48.0,0,1
德语,oktoberfest,,0,节庆,1.0799877738141915e-09,8.46587456629345e-11,60.0,0,1
韩语,omija,,0,饮品,8.126500861127538e-10,8.479273413851981e-11,80.0,0,1
韩语,nanami,,0,调味品,1.4758322434508622e-09,8.580362947854986e-11,119.0,0,1
韩语,samgyetang,,0,汤,1.4173386194852152e-09,8.761817444220549e-11,38.0,0,1
韩语,ramyeon,,0,面食,2.602737432984744e-09,9.944225716327423e-11,41.0,0,1
印地语/乌尔都语,ras malai,,0,甜品,1.0604461198049362e-09,1.0209108445756712e-10,61.0,0,1
韩语,yuzu kosho,,0,调味品,3.673362392042634e-09,1.0786139158629931e-10,23.0,0,1
土耳其语,mijiu,,0,饮品,2.776048085850746e-09,1.07869065921323e-10,77.0,0,1
阿拉伯语,zhoug,,0,调味品,2.514297325895143e-09,1.0855613344365343e-10,40.0,0,1
汉语,peking duck,1955,1,菜品,6.700742738452448e-10,1.0908718635918038e-10,80.0,0,1
纳瓦特尔语,tejuino,,0,饮品,1.1194073411269212e-09,1.0914891418566852e-10,92.0,0,1
韩语,la yu,,0,调味品,1.9954297262155964e-09,1.1875956477894745e-10,110.0,0,1
汉语,longjing,,0,茶,2.2628449986810448e-09,1.2774489417613902e-10,79.0,0,1
阿拉伯语,knafeh,,0,甜品,2.1937840591742688e-09,1.3011885408697516e-10,62.0,0,1
日语,tamagoyaki,,0,蛋类,2.9461842965261553e-09,1.31965786183929e-10,82.0,0,1
土耳其语,huangjiu,,0,饮品,2.415669837774192e-09,1.3344624225789463e-10,56.0,0,1
日语,chawanmushi,,0,蒸蛋,1.8254183442589773e-09,1.4303248660903788e-10,105.0,0,1
韩语,ichimi,,0,调味品,9.633815649985014e-10,1.503764968881335e-10,115.0,0,1
土耳其语,umeshu,,0,饮品,3.5951637777920102e-09,1.5275088540895898e-10,48.0,0,1
韩语,kimbap,,0,主食,1.89663029726006e-09,1.5418940645882601e-10,48.0,0,1
土耳其语,verdicchio,,0,饮品,1.8540469477151027e-09,1.6187117914711931e-10,72.0,0,1
印地语/乌尔都语,uttapam,,0,主食,2.6000054648938384e-09,1.6236160181837919e-10,36.0,0,1
韩语,tteok,,0,主食,2.024034043543058e-09,1.7127259558126762e-10,134.0,0,1
印地语/乌尔都语,pani puri,,0,小吃,3.4853917529886758e-09,1.7432729251305936e-10,56.0,0,1
韩语,jeotgal,,0,发酵海鲜,4.481553540967655e-09,1.7655161882452406e-10,28.0,0,1
土耳其语,valpolicella,1903,1,饮品,1.1703710778299126e-09,1.8098426462937462e-10,90.0,0,1
日语,aburaage,,0,油炸豆腐,2.6936426264104594e-09,1.9071750020184457e-10,91.0,0,1
德语,radler,,0,饮品,2.321776553753414e-09,1.9121169158673095e-10,177.0,0,1
韩语,naengmyeon,,0,冷面,4.136312625746541e-09,2.0346465498559943e-10,24.0,0,1
土耳其语,bombardino,,0,饮品,8.927695765199266e-10,2.1250107515363647e-10,153.0,0,1
纳瓦特尔语,tereré,,0,饮品,2.6764750257360757e-09,2.134344825847141e-10,151.0,0,1
德语,sachertorte,1906,1,甜品,2.175504332235789e-09,2.38688003136274e-10,91.0,0,1
印地语/乌尔都语,paan masala,,0,咀嚼品,3.453218512726254e-09,2.4873249734883837e-10,50.0,0,1
印地语/乌尔都语,pachadi,,0,调味品,1.832200327963765e-09,2.5238365991186166e-10,115.0,0,1
法语,rillette,,0,肉酱,2.1650031767350693e-09,2.676045744940661e-10,147.0,0,1
韩语,sudachi,,0,水果,2.155921314488702e-09,2.8446116624690186e-10,96.0,0,1
印地语/乌尔都语,kootu,,0,菜品,1.4545349131494282e-09,2.8486669652688745e-10,139.0,0,1
韩语,yuja,,0,饮品,1.4865215336445912e-09,2.90136550265855e-10,197.0,0,1
土耳其语,cinzano,,0,饮品,3.2531449518329633e-09,2.915286314405955e-10,106.0,0,1
印地语/乌尔都语,thandai,,0,饮品,2.3716450846850933e-09,2.998451547657477e-10,114.0,0,1
土耳其语,montepulciano,,0,饮品,3.21021819444616e-09,3.0036144447131755e-10,162.0,0,1
印地语/乌尔都语,jalfrezi,,0,菜品,4.9778375707124465e-09,3.0940746657503326e-10,46.0,0,1
纳瓦特尔语,cauim,,0,饮品,1.4503315770575396e-09,3.1100554803893305e-10,176.0,0,1
印地语/乌尔都语,thoran,,0,菜品,1.6958001947120491e-09,3.115274643335906e-10,207.0,0,1
土耳其语,lambrusco,1868,1,饮品,1.848308181110322e-09,3.1899465752153075e-10,138.0,0,1
土耳其语,shaoxing,,1,饮品,3.584083545821974e-09,3.1996335321337617e-10,49.0,0,1
德语,rouladen,,0,菜品,1.7171252039308423e-09,3.2143533756575925e-10,117.0,0,1
印地语/乌尔都语,murukku,,0,小吃,1.6198597384077726e-09,3.2271141826219567e-10,146.0,0,1
德语,doppelbock,,0,饮品,4.788886208219521e-09,3.2343367362928746e-10,50.0,0,1
土耳其语,frascati,,1,饮品,1.4864613627287223e-09,3.3330289099594637e-10,192.0,0,1
韩语,makgeolli,,0,饮品,7.297811212479491e-09,3.4775555783852207e-10,31.0,0,1
土耳其语,brunello,,0,饮品,2.774811190344094e-09,3.4903832030494166e-10,169.0,0,1
韩语,banchan,,0,小菜,6.660154586565373e-09,3.5811171012058705e-10,55.0,0,1
德语,spargel,,0,蔬菜,2.840061455852297e-09,3.5880892442978526e-10,183.0,0,1
印地语/乌尔都语,bhuna,,0,烹饪法,3.324364593128491e-09,3.5960495746894277e-10,131.0,0,1
日语,takoyaki,,0,小吃,7.325798317176739e-09,3.632448187526482e-10,63.0,0,1
韩语,malcha,,0,饮品,2.6874577404737263e-09,3.7069817852828525e-10,208.0,0,1
印地语/乌尔都语,falooda,,0,饮品,3.184495112051877e-09,3.807729586062554e-10,121.0,0,1
土耳其语,negroni,1947,1,饮品,6.5844718566410165e-09,3.9143016091227935e-10,84.0,0,1
印地语/乌尔都语,chikki,,0,甜品,2.2920144115978758e-09,3.9355663430962114e-10,145.0,0,1
纳瓦特尔语,champurrado,,0,饮品,2.2055777839012437e-09,3.953376209491797e-10,149.0,0,1
韩语,gochugaru,,0,调味品,1.4822288818550078e-08,4.3703372099841244e-10,17.0,0,1
德语,hefeweizen,1982,1,饮品,8.020293952780224e-09,4.4390914879454644e-10,38.0,0,1
土耳其语,barolo,1845,1,饮品,4.662928789121525e-09,4.624677667520041e-10,146.0,0,1
德语,apfelstrudel,,0,甜品,2.754044452808151e-09,4.675456569333502e-10,116.0,0,1
日语,yakisoba,,0,炒面,6.5247875356634824e-09,4.71375457692298e-10,63.0,0,1
汉语,moo shu pork,,0,菜品,3.9360823489431596e-09,5.086063274064279e-10,77.0,0,1
阿拉伯语,qahwa,,0,饮品,3.668370305933065e-09,5.126595726539452e-10,131.0,0,1
阿拉伯语,baharat,,0,调味品,1.0123618388035991e-08,5.131386390191579e-10,70.0,0,1
印地语/乌尔都语,khaini,,0,咀嚼品,3.701030117296357e-09,5.385462353514373e-10,134.0,0,1
德语,linzer,1906,1,甜品,4.251521388910971e-09,5.608124714471279e-10,185.0,0,1
韩语,wicha,,0,饮品,3.1496808613632312e-09,5.856941096570964e-10,195.0,0,1
印地语/乌尔都语,gulab jamun,,0,甜品,7.043037518274429e-09,5.931165825125934e-10,77.0,0,1
印地语/乌尔都语,ladoo,,0,甜品,4.520829107893373e-09,5.944850146792065e-10,190.0,0,1
意大利语,rucola,,0,蔬菜,6.257722895419704e-09,6.090121909427466e-10,119.0,0,1
土耳其语,amarone,1956,1,饮品,6.415976297865658e-09,6.14304440908654e-10,152.0,0,1
纳瓦特尔语,balché,,0,饮品,5.5028054553517086e-09,6.229703155688535e-10,144.0,0,1
印地语/乌尔都语,rogan josh,,0,菜品,7.815142882045783e-09,6.268086789376805e-10,69.0,0,1
韩语,galbi,,0,肉类,8.957091386057364e-09,6.314432588607944e-10,155.0,0,1
日语,shichimi,,0,调味品,1.00655905198112e-08,6.419627229179016e-10,67.0,1,2
汉语,cashew chicken,,0,菜品,5.937581854758329e-09,6.56279669598322e-10,61.0,0,1
汉语,char siu,,0,肉类,8.238109052070643e-09,6.596142783279646e-10,78.0,0,1
韩语,doenjang,,0,调味品,1.2937164609435772e-08,6.859803014074974e-10,58.0,0,1
土耳其语,doner kebab,,0,肉类,6.729010555111311e-09,6.919915891474345e-10,77.0,0,1
印地语/乌尔都语,gutka,,0,咀嚼品,6.250635564697404e-09,7.007384301573378e-10,147.0,0,1
土耳其语,campari,,1,饮品,3.109130429303418e-09,7.044206920091543e-10,179.0,0,1
阿拉伯语,lokum,,0,甜品,6.875588289188629e-09,7.40439395926161e-10,196.0,1,2
德语,hasenpfeffer,1892,1,菜品,2.4035893434312274e-09,7.484886119339053e-10,147.0,0,1
印地语/乌尔都语,chaas,,0,饮品,4.130059246979353e-09,7.551970740170452e-10,221.0,0,1
德语,bundt cake,,0,甜品,6.766822340560046e-09,7.715549263195044e-10,70.0,0,1
阿拉伯语,ras el hanout,1876,1,调味品,1.6522315959832667e-08,7.864020802513253e-10,57.0,0,1
日语,donburi,,0,主食,6.081859206728625e-09,8.232170845118937e-10,107.0,0,1
纳瓦特尔语,huitlacoche,1926,1,食材,7.040044039793461e-09,8.351254541986416e-10,99.0,0,1
日语,okonomiyaki,,0,主食,1.3144687243433445e-08,8.518089585137889e-10,65.0,0,1
日语,shirataki,,0,食材,1.295695677734037e-08,8.615987683165541e-10,115.0,0,1
韩语,togarashi,,0,调味品,1.2826862809995582e-08,8.635369035768829e-10,134.0,0,1
西班牙语,chimichanga,1970,1,油炸,7.73721296555761e-09,8.819999316155461e-10,68.0,0,1
阿拉伯语,baba ghanoush,1938,1,菜品,1.1781727085998942e-08,9.048744492822832e-10,52.0,1,2
汉语,sesame chicken,,0,菜品,8.228466479615853e-09,9.100890381907355e-10,65.0,0,1
韩语,bibimbap,1977,1,主食,1.8749659729573e-08,9.144146792134171e-10,48.0,0,1
土耳其语,nebbiolo,1788,1,饮品,1.0509260636329794e-08,9.177578344568281e-10,92.0,0,1
意大利语,panzanella,,0,沙拉,1.2672309297150667e-08,9.342647343227946e-10,81.0,0,1
日语,onigiri,,0,主食,1.4457284195198588e-08,9.536815829727076e-10,87.0,0,1
纳瓦特尔语,agua fresca,1958,1,饮品,6.451011915130169e-09,9.704632193398791e-10,193.0,0,1
韩语,rayu,,0,调味品,1.4256774935209445e-08,9.710935334581911e-10,213.0,0,1
德语,lebkuchen,,0,甜品,5.543517238502739e-09,9.851157469315602e-10,161.0,0,1
德语,kartoffel,,0,主食,3.7502603086484305e-09,1.0191219171983975e-09,197.0,0,1
韩语,bulgogi,,0,肉类,1.3118433958173422e-08,1.0281777488506635e-09,62.0,0,1
土耳其语,bellini,1956,1,饮品,5.548487701036361e-09,1.0402929399590682e-09,201.0,0,1
日语,tonkatsu,,0,油炸,1.0750248310590192e-08,1.0461097072174403e-09,84.0,0,1
意大利语,bresaola,,0,肉类,1.1669658890005913e-08,1.058297030921475e-09,77.0,0,1
阿拉伯语,dukkah,1847,1,调味品,2.506127749768439e-08,1.0670113794448584e-09,155.0,0,1
印地语/乌尔都语,zarda,,0,咀嚼品,5.647638991389061e-09,1.075158472394346e-09,169.0,0,1
印地语/乌尔都语,jalebi,,0,甜品,9.555598915308598e-09,1.1006449642852222e-09,164.0,0,1
纳瓦特尔语,açaí,,0,水果,2.004211552275592e-08,1.1154977011552407e-09,71.0,0,1
印地语/乌尔都语,khoya,,0,乳制品,8.394364758856911e-09,1.1199577867575744e-09,150.0,0,1
汉语,jiaozi,,0,饺子,8.06653137936613e-09,1.1316593555395746e-09,68.0,0,1
韩语,daidai,,0,水果,1.0293275898298761e-08,1.1501951930874139e-09,169.0,0,1
意大利语,arancini,1948,1,油炸,1.990608224287728e-08,1.1522335362696782e-09,128.0,0,1
汉语,hot and sour soup,,0,汤,9.034630567482184e-09,1.161888441549084e-09,65.0,0,1
日语,amazake,,0,饮品,1.1996943502115951e-08,1.1826479845273443e-09,142.0,0,1
印地语/乌尔都语,barfi,,0,甜品,7.826869311397137e-09,1.187584641080556e-09,207.0,0,1
韩语,gochujang,1966,1,调味品,3.0134409811921623e-08,1.1961464429307182e-09,38.0,0,1
土耳其语,vernaccia,,0,饮品,3.079142084162965e-09,1.211761803883824e-09,212.0,0,1
印地语/乌尔都语,appam,,0,主食,7.52021993883594e-09,1.287686625680478e-09,207.0,0,1
土耳其语,baijiu,,0,饮品,2.7913935385370792e-08,1.2910230337958344e-09,55.0,0,1
阿拉伯语,tabouli,1939,1,沙拉,1.117463911880025e-08,1.3318650922314875e-09,82.0,0,1
印地语/乌尔都语,pongal,,0,主食,5.626117698704596e-09,1.472612496712131e-09,179.0,0,1
纳瓦特尔语,tepache,,0,饮品,2.0097195510945402e-08,1.4834656149588294e-09,174.0,0,1
法语,pain au chocolat,,0,烘焙,2.1285573684589772e-08,1.5445897927554526e-09,79.0,0,1
日语,gyoza,1963,1,点心,2.019741846786311e-08,1.673765851065771e-09,85.0,0,1
土耳其语,choya,,0,饮品,1.1084384227937657e-08,1.709511472676799e-09,195.0,0,1
印地语/乌尔都语,kulfi,,0,甜品,1.5398480332099292e-08,1.7505429532923324e-09,150.0,0,1
土耳其语,pinot grigio,1971,1,饮品,2.46550475273872e-08,1.7717128614374391e-09,63.0,0,1
阿拉伯语,kibbeh,1829,1,菜品,2.2015614981845443e-08,1.8566796606517678e-09,146.0,0,1
阿拉伯语,shawarma,1953,1,肉类,3.1151812304334014e-08,1.8662630634430277e-09,61.0,1,2
印地语/乌尔都语,bhel,,0,小吃,1.0088224922100153e-08,1.874802147483129e-09,216.0,0,1
土耳其语,sangiovese,1943,1,饮品,2.140916079339052e-08,1.927202105184783e-09,91.0,0,1
印地语/乌尔都语,saag,,0,蔬菜,1.6962887221844928e-08,2.024792589935877e-09,216.0,0,1
日语,konnyaku,,0,食材,8.189263235790025e-09,2.029513317372526e-09,133.0,0,1
韩语,ssam,,0,吃法,5.419655486298731e-09,2.0425142397463704e-09,221.0,0,1
阿拉伯语,za'atar,1917,1,调味品,4.920924290274797e-08,2.120393738752488e-09,96.0,0,1
韩语,hijiki,,0,食材,1.6964123819970415e-08,2.1385163441952773e-09,144.0,0,1
西班牙语,churro,1929,1,甜品,1.7341544200633052e-08,2.1447979145754233e-09,167.0,0,1
西班牙语,pico de gallo,1958,1,调味品,3.1008995752098856e-08,2.160583813369302e-09,90.0,0,1
西班牙语,sofrito,1913,1,烹饪法,2.4349146952675127e-08,2.1668095172368427e-09,91.0,0,1
纳瓦特尔语,horchata,1824,1,饮品,1.7951569373865694e-08,2.167166594114186e-09,164.0,0,1
纳瓦特尔语,pepita,1942,1,食材,6.062967794484564e-09,2.192744214999271e-09,219.0,0,1
波斯语,dolma,1889,1,菜品,1.1372681463228672e-08,2.2062919126083328e-09,208.0,1,2
汉语,lo mein,1941,1,面食,2.5807944733661052e-08,2.225658238689253e-09,101.0,0,1
印地语/乌尔都语,avial,,0,菜品,1.2167622845790253e-08,2.226034875192847e-09,215.0,0,1
意大利语,limoncello,,0,饮品,3.9247791048881356e-08,2.3511906756736892e-09,131.0,1,2
法语,macaron,1993,1,甜品,3.5910622031565254e-08,2.44919483823767e-09,213.0,0,1
德语,spaetzle,1933,1,面食,2.2094595359638854e-08,2.533528975597883e-09,132.0,0,1
韩语,chili oil,,0,调味品,2.166900259226168e-08,2.685779062700076e-09,75.0,0,1
印地语/乌尔都语,sharbat,,0,饮品,6.730825230505388e-09,2.6898983911383693e-09,212.0,0,1
韩语,arame,,0,食材,1.923612862648432e-08,2.707850162790206e-09,219.0,0,1
日语,manju,,0,甜品,8.965993598358019e-09,2.745074928128072e-09,196.0,0,1
日语,yakitori,1962,1,烧烤,2.061223763100933e-08,2.790535092337321e-09,96.0,0,1
印地语/乌尔都语,vindaloo,1888,1,菜品,2.941800022629845e-08,2.8810374449773964e-09,102.0,0,1
印地语/乌尔都语,kheer,,0,甜品,2.2173014535553648e-08,2.927513131877663e-09,196.0,0,1
西班牙语,dulce de leche,1900,1,甜品,4.274539985463629e-08,2.9552402683680003e-09,133.0,0,1
韩语,mikan,,0,水果,1.612538815175059e-08,3.0000142762538404e-09,198.0,0,1
土耳其语,tzatziki,1960,1,调味品,4.9200291333103714e-08,3.011462524693122e-09,61.0,0,1
西班牙语,empanada,1866,1,烘焙,2.7630748736636893e-08,3.0177326844977743e-09,183.0,0,1
印地语/乌尔都语,korma,1832,1,菜品,3.187951033315325e-08,3.070637507312219e-09,165.0,0,1
汉语,kung pao,1976,1,烹饪法,1.4993062283760346e-08,3.090751824996317e-09,133.0,0,1
波斯语,samosa,1932,1,小吃,3.588577054561678e-08,3.1031578125173846e-09,186.0,1,2
纳瓦特尔语,masato,,0,饮品,2.5872152166682228e-08,3.137394588332405e-09,199.0,0,1
日语,kanten,,0,食材,1.2308131625005105e-08,3.140017685153439e-09,205.0,1,2
土耳其语,plum wine,,0,饮品,1.816416604429248e-08,3.215645740031433e-09,186.0,0,1
韩语,calamondin,1890,1,水果,1.3628125358370164e-08,3.272965499298705e-09,133.0,0,1
阿拉伯语,mezze,,0,小菜,3.066004999092391e-08,3.280355655184918e-09,220.0,0,1
日语,yuzu,1977,1,水果,4.342056619017448e-08,3.305207492558688e-09,161.0,1,2
西班牙语,fajita,1971,1,菜品,3.306652881665936e-08,3.315839556177433e-09,189.0,0,1
印地语/乌尔都语,rasam,,0,汤,1.3891715333613774e-08,3.5449764215328592e-09,221.0,0,1
意大利语,osso buco,1908,1,菜品,3.085060613321795e-08,3.574781058752102e-09,109.0,0,1
韩语,doncha,,0,饮品,2.0715020048507023e-08,3.664391995463697e-09,153.0,0,1
日语,yuba,,1,食材,4.297493611764887e-08,3.740296138921735e-09,194.0,0,1
土耳其语,prosecco,1881,1,饮品,7.690817227512525e-08,3.785262265292413e-09,176.0,0,1
阿拉伯语,tabbouleh,1939,1,沙拉,4.296807430494352e-08,3.809570784984912e-09,73.0,1,2
意大利语,calzone,1933,1,烘焙,3.0784812921069715e-08,3.855065467590706e-09,199.0,0,1
西班牙语,salsa verde,1933,1,调味品,5.218229201123645e-08,3.8758669557301895e-09,102.0,0,1
纳瓦特尔语,pozole,,1,汤,1.7701618202993685e-08,4.047497303261245e-09,167.0,0,1
法语,flambé,,0,烹饪法,2.7704340662840617e-08,4.1469403169136174e-09,212.0,0,1
韩语,soju,1951,1,饮品,4.8629431275466166e-08,4.256751015165329e-09,218.0,0,1
意大利语,zabaglione,1899,1,甜品,2.2399075863940458e-08,4.353162859664786e-09,144.0,0,1
德语,sauerbraten,1889,1,菜品,1.6812856376954447e-08,4.3684506777694734e-09,157.0,0,1
德语,kuchen,1854,1,烘焙,1.3816205195788761e-08,4.442172311991207e-09,216.0,0,1
西班牙语,mojito,1934,1,饮品,7.157111576410508e-08,4.447499968922009e-09,103.0,0,1
印地语/乌尔都语,idli,,0,主食,3.066850950972366e-08,4.498643663077045e-09,221.0,0,1
日语,matcha,1881,1,饮品,1.0142020911985129e-07,4.56760999865404e-09,208.0,0,1
印地语/乌尔都语,raita,,0,调味品,4.673499377970204e-08,4.604910164908235e-09,209.0,0,1
德语,streusel,1909,1,烘焙,5.5941264573026023e-08,4.803602424156002e-09,138.0,0,1
德语,pilsner,1868,1,饮品,5.807548372363921e-08,4.934151379792322e-09,158.0,0,1
土耳其语,shish kebab,1913,1,肉类,2.2472257705479544e-08,4.975837570078393e-09,126.0,0,1
西班牙语,quesadilla,1848,1,主食,5.4984754781019415e-08,5.017464077026024e-09,123.0,0,1
法语,crème brûlée,,0,甜品,8.422565502184757e-08,5.134837638813738e-09,119.0,0,1
波斯语,biryani,,0,主食,6.990105408785244e-08,5.241263798802126e-09,127.0,1,2
意大利语,ciabatta,1985,1,烘焙,7.701058381469141e-08,5.267273623931326e-09,153.0,0,1
土耳其语,awamori,,0,饮品,2.7221806776976465e-08,5.397986003056485e-09,150.0,0,1
日语,wakame,1950,1,食材,4.5263479060102854e-08,5.4650107965544674e-09,141.0,1,2
土耳其语,shochu,,0,饮品,4.025258044342601e-08,5.539484988036704e-09,152.0,0,1
阿拉伯语,cedrat,,0,水果,2.1324217502893816e-08,5.545995221309477e-09,221.0,0,1
印地语/乌尔都语,halwa,,0,甜品,2.7671357776577162e-08,5.6481816134138465e-09,209.0,0,1
纳瓦特尔语,habanero,1972,1,调味品,6.357428310772257e-08,5.8695127232899046e-09,157.0,1,2
德语,dunkel,,0,饮品,2.0615998305320967e-08,5.953310437249448e-09,219.0,0,1
印地语/乌尔都语,achar,,0,调味品,2.0338511319550893e-08,5.9775891407613905e-09,221.0,0,1
波斯语,halva,1846,1,甜品,3.0844605599814456e-08,6.064125500294687e-09,206.0,1,3
阿拉伯语,harissa,1970,1,调味品,1.0818675783801675e-07,6.206535010334396e-09,136.0,0,1
日语,bento,,0,便当,6.479808994137266e-08,6.243072960987914e-09,216.0,0,1
土耳其语,sambuca,,0,饮品,1.7355550139898568e-08,6.5167625927050124e-09,221.0,0,1
意大利语,chianti,1833,1,饮品,1.9412440290165837e-08,6.619408343242907e-09,187.0,1,2
意大利语,amaretto,1873,1,饮品,6.12596855782093e-08,6.643657525620815e-09,136.0,1,2
汉语,egg roll,1934,1,点心,4.2827967965714774e-08,6.666030455138049e-09,167.0,0,1
土耳其语,moussaka,1862,1,菜品,4.9068557217424313e-08,6.680715936477017e-09,121.0,0,1
韩语,perilla oil,,0,调味品,7.65493461634443e-08,6.706623000855644e-09,141.0,0,1
日语,panko,1970,1,食材,1.3679465788689932e-07,6.9166775414336735e-09,144.0,0,1
日语,miso soup,1615,1,汤,6.183297886406893e-08,7.039395286260283e-09,153.0,0,1
阿拉伯语,Turkish delight,1864,1,甜品,3.4335485819627006e-08,7.076973167248003e-09,168.0,1,2
法语,éclair,,0,甜品,6.99311217187772e-08,7.3024904053610095e-09,221.0,0,1
意大利语,bruschetta,1954,1,开胃菜,8.697800828778262e-08,7.336486213698486e-09,99.0,0,1
荷兰语,cruller,1801,1,甜品,2.02827372675074e-08,7.377097664255648e-09,217.0,0,1
意大利语,cannoli,1925,1,甜品,8.166283395537125e-08,7.477409398388784e-09,219.0,0,1
印地语/乌尔都语,supari,,0,咀嚼品,5.1417458227628494e-08,7.499552133876557e-09,214.0,0,1
意大利语,carpaccio,1974,1,菜品,7.470088852252437e-08,7.677629673322178e-09,144.0,0,1
印地语/乌尔都语,tikka,1955,1,烹饪法,6.464601044951581e-08,8.098599639808198e-09,197.0,0,1
土耳其语,aminos,,0,调味品,9.155083802170338e-08,8.164560781450986e-09,221.0,0,1
日语,edamame,1951,1,小菜,1.29505350189772e-07,8.188099489029852e-09,117.0,0,1
汉语,fortune cookie,1940,1,点心,7.105016207122259e-08,8.390838120088733e-09,117.0,0,1
法语,jambalaya,1872,1,主食,6.37383778772411e-08,8.406148162814531e-09,152.0,0,1
法语,croquette,1706,1,油炸,2.0705541789059878e-08,8.471401388535911e-09,215.0,0,1
意大利语,tiramisu,1982,1,甜品,1.0331384459050241e-07,8.578676155482691e-09,112.0,0,1
法语,nouvelle cuisine,1975,1,烹饪法,7.199796771471615e-08,8.595743386687491e-09,133.0,0,1
印地语/乌尔都语,paneer,,0,乳制品,1.010763343499223e-07,8.627438460987892e-09,176.0,0,1
土耳其语,marsala,1806,1,饮品,3.6107217279582726e-08,8.700483076751035e-09,196.0,0,1
印地语/乌尔都语,chapati,1810,1,主食,3.6226612313125124e-08,9.13757978371342e-09,196.0,0,1
土耳其语,spritz,1886,1,饮品,9.725100978487586e-08,9.146641657409126e-09,191.0,1,2
纳瓦特尔语,jicama,1602,1,蔬菜,7.056292718386562e-08,9.198544487486662e-09,153.0,0,1
西班牙语,crema,1982,1,甜品,7.50401006095152e-08,9.237982406078643e-09,220.0,0,1
法语,galette,1775,1,烘焙,4.424829975440454e-08,9.505919020458165e-09,211.0,0,1
西班牙语,adobo,1938,1,烹饪法,1.009565520705889e-07,9.529949480023336e-09,178.0,0,1
德语,bratwurst,1851,1,肉类,7.046834024241176e-08,9.581144145322713e-09,190.0,0,1
汉语,longan,1655,1,水果,4.289364546090317e-08,9.827868552597682e-09,221.0,0,1
印地语/乌尔都语,tandoori,1958,1,烹饪法,8.093862951292457e-08,9.916325344199816e-09,138.0,0,1
汉语,hot pot,1842,1,火锅,6.045752089432558e-08,1.0037907845929538e-08,221.0,0,1
韩语,carrageen,1829,1,食材,3.4631484600668375e-08,1.0115042415457686e-08,205.0,0,1
印地语/乌尔都语,dahi,,0,乳制品,3.268353663900468e-08,1.0125316586638492e-08,220.0,0,1
日语,udon,1902,1,面食,5.5899482630041216e-08,1.0345227994599865e-08,221.0,0,1
意大利语,focaccia,1881,1,烘焙,9.70798725217849e-08,1.0430640543663426e-08,201.0,0,1
西班牙语,sangria,1951,1,饮品,1.0735594660867978e-07,1.058430409693064e-08,208.0,0,1
土耳其语,soave,1934,1,饮品,3.4297189850056905e-08,1.0619164656782909e-08,221.0,0,1
印地语/乌尔都语,moru,,0,饮品,3.5934252462510585e-08,1.0706419118410069e-08,221.0,0,1
日语,kombu,1859,1,食材,7.221080419331625e-08,1.0727130063411493e-08,191.0,1,2
意大利语,vitello,,0,肉类,2.695935230612179e-08,1.0735072072634668e-08,221.0,0,1
韩语,satsuma,1882,1,水果,5.4813195760061724e-08,1.0827900354128784e-08,167.0,0,1
波斯语,baklava,1902,1,甜品,1.0077957719139315e-07,1.1060699767004736e-08,190.0,1,3
纳瓦特尔语,chayote,1887,1,蔬菜,3.199306825812138e-08,1.11220321852784e-08,185.0,0,1
意大利语,biscotti,1920,1,甜品,1.244405173192068e-07,1.1146298789843981e-08,176.0,0,1
西班牙语,gazpacho,1775,1,汤,8.209797743217808e-08,1.1177906297560662e-08,201.0,0,1
日语,somen,,0,冷面,4.534111464060686e-08,1.1220324152846154e-08,221.0,0,1
日语,natto,1899,1,发酵食品,1.2672069057576406e-07,1.1265485039496312e-08,215.0,1,2
日语,dashi,1955,1,汤底,9.777286383691068e-08,1.1275486218985373e-08,220.0,0,1
土耳其语,umami,1963,1,味觉,1.9807245824462634e-07,1.1276991755160289e-08,178.0,0,1
印地语/乌尔都语,lassi,,0,饮品,4.939842515990936e-08,1.1306821780562732e-08,221.0,0,1
汉语,wonton,1933,1,面食,8.071406045116549e-08,1.1523068464015546e-08,221.0,0,1
汉语,oolong,1845,1,茶,5.75475215417295e-08,1.1568985102662035e-08,221.0,0,1
日语,mirin,1874,1,调味品,1.0533993284005714e-07,1.1595565405827981e-08,220.0,0,1
德语,schnitzel,1854,1,肉类,8.13775419114141e-08,1.2013326989951274e-08,179.0,0,1
纳瓦特尔语,mezcal,1709,1,饮品,9.563780641504613e-08,1.2129052739248794e-08,213.0,0,1
意大利语,minestrone,1871,1,汤,7.436071314259608e-08,1.2137444108937494e-08,160.0,0,1
意大利语,grappa,1893,1,饮品,9.427094076792337e-08,1.2160222060376488e-08,202.0,1,2
波斯语,ouzo,1897,1,饮品,8.496714595399422e-08,1.2287769790331102e-08,204.0,1,2
阿拉伯语,falafel,1936,1,小吃,1.5155159007105926e-07,1.2663283194657816e-08,103.0,0,1
意大利语,mascarpone,1932,1,乳制品,1.6357868608858033e-07,1.2845388643668612e-08,125.0,0,1
法语,tarte,1951,1,甜品,5.728980413875563e-08,1.2895760851803005e-08,221.0,0,1
汉语,chow mein,1898,1,面食,5.5647038976758274e-08,1.3140494164396285e-08,137.0,0,1
印地语/乌尔都语,paan,,0,咀嚼品,6.80151777438758e-08,1.3499016327041864e-08,221.0,0,1
意大利语,radicchio,1968,1,蔬菜,1.152630691844284e-07,1.3572230833370027e-08,139.0,0,1
纳瓦特尔语,atole,,0,饮品,5.051361462449223e-08,1.3663548918842366e-08,221.0,0,1
汉语,dim sum,1894,1,点心,1.1332056918230853e-07,1.3889436902365252e-08,148.0,0,1
汉语,bok choy,1847,1,蔬菜,1.530051950534731e-07,1.4007041071126304e-08,106.0,0,1
法语,patisserie,1594,1,甜品店,7.961532690257759e-08,1.4025456007077905e-08,221.0,0,1
汉语,kumquat,1699,1,水果,4.358212812860529e-08,1.4183282897886556e-08,185.0,1,2
纳瓦特尔语,enchilada,1878,1,主食,1.0913603785768697e-07,1.4316774386860697e-08,148.0,1,2
波斯语,arak,,1,饮品,3.8817083642633024e-08,1.4602014847024338e-08,221.0,1,2
法语,café au lait,,0,饮品,9.24915854381782e-08,1.5151430146609435e-08,216.0,0,1
德语,muesli,1939,1,早餐,1.770044661952852e-07,1.5192019291112384e-08,219.0,0,1
法语,sommelier,1829,1,职业,1.21848696973562e-07,1.5246616969240728e-08,200.0,0,1
日语,wasabi,1891,1,调味品,1.6072755621670304e-07,1.5442479380067443e-08,151.0,0,1
意大利语,antipasto,1590,1,开胃菜,8.547611482104654e-08,1.584148892341161e-08,180.0,0,1
日语,soba,1896,1,面食,1.167277626937643e-07,1.5842218605912678e-08,221.0,0,1
西班牙语,arroz,1901,1,主食,7.281789089168861e-08,1.5988602918491976e-08,221.0,0,1
意大利语,marinara,1924,1,调味品,1.5891163026740938e-07,1.5994340746484042e-08,220.0,0,1
日语,mochi,1970,1,甜品,5.1271881724395443e-08,1.6122089803791544e-08,192.0,0,1
日语,teriyaki,1901,1,烹饪法,1.2531998245484438e-07,1.6204137049564214e-08,132.0,0,1
日语,ramen,1962,1,面食,2.3741895306881947e-07,1.6520842696938023e-08,221.0,0,1
纳瓦特尔语,tamale,1854,1,主食,7.607576333969388e-08,1.6618595753632296e-08,186.0,1,2
纳瓦特尔语,chipotle,1922,1,调味品,2.320454675392674e-07,1.6692485337064255e-08,98.0,1,2
阿拉伯语,mint tea,,0,饮品,1.0729074111688015e-07,1.6965455657042272e-08,221.0,0,1
意大利语,gelato,1929,1,甜品,2.2443326283142333e-07,1.6972035437200416e-08,221.0,0,1
印地语/乌尔都语,sambar,1698,1,汤,5.489152497619087e-08,1.697370584845012e-08,198.0,0,1
法语,confit,1951,1,烹饪法,1.2679059580023022e-07,1.7142241522192662e-08,221.0,0,1
阿拉伯语,amba,,0,调味品,8.46454124570073e-08,1.7197563670441288e-08,221.0,0,1
韩语,kimchi,1888,1,小菜,2.5053085193706336e-07,1.7494545978232368e-08,172.0,0,1
汉语,lychee,1588,1,水果,7.846063862107907e-08,1.7667124750896347e-08,181.0,0,1
印地语/乌尔都语,dosa,,0,主食,6.841095106275525e-08,1.7993482993894252e-08,221.0,0,1
西班牙语,nachos,1948,1,小吃,2.062882405847891e-07,1.7997465499197542e-08,212.0,0,1
汉语,chop suey,1884,1,菜品,5.920655610225368e-08,1.85279598248381e-08,173.0,0,1
波斯语,pilaf,1609,1,主食,1.1143190700327719e-07,1.8975090426185188e-08,221.0,1,3
纳瓦特尔语,jacaranda,1753,1,植物,7.416263818933138e-08,1.9648314393611872e-08,214.0,0,1
法语,fromage,,1,奶酪,8.694195940961437e-08,2.0308375554035793e-08,221.0,0,1
纳瓦特尔语,piranha,1861,1,动物,1.062544876211697e-07,2.0417647845271322e-08,212.0,0,1
德语,wiener,1880,1,肉类,7.8974497544745e-08,2.043697221119098e-08,218.0,0,1
荷兰语,hollandaise,1907,1,调味品,9.315040472301916e-08,2.0528044568529233e-08,207.0,0,1
德语,strudel,1881,1,甜品,1.205485641467671e-07,2.071442734926658e-08,192.0,0,1
阿拉伯语,tahini,1950,1,调味品,3.1400488507772805e-07,2.087994332415852e-08,136.0,0,1
德语,torte,1748,1,甜品,1.0298550380736873e-07,2.1046070613073925e-08,221.0,0,1
德语,frankfurter,1887,1,肉类,6.002550634320869e-08,2.1072414122640224e-08,177.0,0,1
日语,sashimi,1879,1,海鲜,1.4979242126043702e-07,2.1184335430591224e-08,148.0,0,1
纳瓦特尔语,guarana,1838,1,饮品,1.2462395103187062e-07,2.1729626187933288e-08,205.0,0,1
意大利语,gnocchi,1891,1,面食,2.0549275144990785e-07,2.17994177112432e-08,183.0,0,1
韩语,tamari,1965,1,调味品,2.622492303316904e-07,2.2140096304005967e-08,217.0,0,1
意大利语,al dente,1920,1,口感,2.093763547301413e-07,2.2260207459624593e-08,140.0,0,1
韩语,shoyu,1727,1,调味品,1.5155226204147505e-07,2.2333366910512078e-08,160.0,0,1
土耳其语,americano,1928,1,饮品,7.047323080655589e-08,2.282077089809213e-08,210.0,0,1
法语,terrine,1706,1,菜品,1.312638013522311e-07,2.284440497896324e-08,221.0,0,1
韩语,perilla,1900,1,蔬菜,2.2530390708652706e-07,2.2950116429846812e-08,218.0,0,1
德语,stollen,1906,1,甜品,9.097407779482376e-08,2.3392562045973725e-08,221.0,0,1
土耳其语,asti,,1,饮品,1.491396776742704e-07,2.4015434781962413e-08,221.0,0,1
纳瓦特尔语,burrito,1934,1,街头小吃,2.856967366174753e-07,2.42033929817625e-08,201.0,1,2
印地语/乌尔都语,madras,1838,1,菜品,7.757122284195768e-08,2.452823309213133e-08,221.0,0,1
日语,tempura,1920,1,油炸,1.1948502682506454e-07,2.4614899655752708e-08,221.0,0,1
波斯语,naan,1828,1,主食,1.328174152247032e-07,2.478257356026293e-08,221.0,1,2
法语,julienne,1841,1,切法,1.044862979629865e-07,2.513932171524996e-08,220.0,0,1
韩语,dulse,1698,1,食材,5.045783575090874e-08,2.51461155699648e-08,221.0,0,1
韩语,gim,,0,食材,5.09514264430371e-08,2.5278777173738428e-08,221.0,0,1
波斯语,raki,1613,1,饮品,8.58623831082436e-08,2.538070870368877e-08,221.0,1,2
纳瓦特尔语,guacamole,1891,1,调味品,2.520891777229346e-07,2.5505430869524475e-08,140.0,0,1
德语,goulash,1866,1,菜品,1.108393031959817e-07,2.61423107224081e-08,157.0,0,1
纳瓦特尔语,jalapeño,,0,调味品,4.14361928895752e-07,2.61572407521424e-08,91.0,1,2
西班牙语,paella,1892,1,主食,1.873871135720557e-07,2.622197594303073e-08,221.0,0,1
西班牙语,chorizo,1802,1,肉类,3.1186504705666654e-07,2.638320433578424e-08,205.0,0,1
荷兰语,coleslaw,1794,1,小菜,2.3030352938998737e-07,2.639009546047868e-08,174.0,0,1
法语,brioche,1826,1,烘焙,1.6853409030253325e-07,2.639719456112237e-08,221.0,0,1
波斯语,kebab,1673,1,肉类,2.3549548140116322e-07,2.8284792442604012e-08,220.0,1,4
纳瓦特尔语,yuca,1555,1,食材,8.357979958922053e-08,2.8395334277357234e-08,221.0,0,1
汉语,congee,1930,1,粥,8.185522101403616e-08,2.897690466926379e-08,221.0,0,1
法语,pâté,,0,肉酱,2.49716048220502e-07,3.0096422949124574e-08,221.0,0,1
韩语,tempeh,1950,1,豆制品,3.291341386102431e-07,3.0355992003871954e-08,184.0,0,1
印地语/乌尔都语,roti,1838,1,主食,1.3171641605984924e-07,3.070713631585615e-08,221.0,0,1
阿拉伯语,hummus,1949,1,调味品,4.108691403611634e-07,3.100311712512582e-08,221.0,1,2
法语,fondue,1824,1,烹饪法,1.7716396476836446e-07,3.1128618450584594e-08,221.0,0,1
西班牙语,frijoles,1577,1,主食,7.284626641584119e-08,3.1431134722353187e-08,221.0,0,1
意大利语,pepperoni,1888,1,肉类,3.0207663469030065e-07,3.1662687376068805e-08,163.0,0,1
波斯语,marzipan,1542,1,甜品,2.0879186633594925e-07,3.1823355007792965e-08,193.0,1,3
阿拉伯语,sorbet,1864,1,甜品,2.543415312012647e-07,3.2014617445665286e-08,221.0,0,1
韩语,mugwort,12世纪,1,蔬菜,9.662414623967665e-08,3.205147073048377e-08,221.0,0,1
日语,nori,1892,1,食材,1.7946025617935186e-07,3.376088801598172e-08,221.0,1,2
法语,quiche,1933,1,烘焙,2.468580545057973e-07,3.3877908301486804e-08,221.0,0,1
纳瓦特尔语,nopal,1578,1,蔬菜,1.3385345149734868e-07,3.4237830258649614e-08,221.0,0,1
意大利语,parmesan,1538,1,调味品,2.777049234379904e-07,3.4919269887962644e-08,221.0,0,1
法语,aperitif,1885,1,饮品,1.276006896335145e-07,3.4939089247712216e-08,215.0,0,1
印地语/乌尔都语,masala,1780,1,调味品,3.727600739823954e-07,3.4953141819875374e-08,188.0,0,1
法语,croissant,1875,1,烘焙,3.33395433926853e-07,3.5049417818106616e-08,221.0,0,1
意大利语,prosciutto,1891,1,肉类,2.980295497374235e-07,3.51721325763666e-08,198.0,0,1
汉语,bao,1927,1,包子,2.2049689261751026e-07,3.6062264477394393e-08,221.0,0,1
法语,soufflé,,0,烘焙,2.91462760466337e-07,3.664939198681221e-08,218.0,0,1
法语,baguette,1917,1,烘焙,3.333228854834098e-07,3.889299056569144e-08,221.0,0,1
印地语/乌尔都语,vada,,0,主食,6.330509602240194e-08,3.9381833449197465e-08,221.0,0,1
法语,consommé,,0,汤,1.508687076220586e-07,4.032346078163089e-08,221.0,0,1
土耳其语,rice wine,,0,饮品,2.2819827043869217e-07,4.0674188884474574e-08,213.0,0,1
纳瓦特尔语,pimiento,1843,1,蔬菜,1.788349948128598e-07,4.2813605699499335e-08,212.0,1,2
西班牙语,margarita,1956,1,饮品,2.959133423376313e-07,4.3427753230631846e-08,221.0,0,1
意大利语,cappuccino,1893,1,饮品,4.191101408780794e-07,4.372771009236509e-08,190.0,0,1
阿拉伯语,mocha,1773,1,饮品,2.871700611909286e-07,4.60214702904684e-08,221.0,1,2
德语,pretzel,1831,1,烘焙,2.858470590386527e-07,4.611018749855572e-08,210.0,0,1
意大利语,ravioli,1760,1,面食,3.287408917783198e-07,4.8088043599297936e-08,208.0,0,1
意大利语,pesto,1937,1,调味品,5.38243495741751e-07,4.9783705568559947e-08,216.0,0,1
意大利语,risotto,1821,1,主食,4.821891609805919e-07,5.14159592090578e-08,219.0,0,1
纳瓦特尔语,taco,1901,1,街头小吃,4.823822418334853e-07,5.405239535617224e-08,221.0,1,2
阿拉伯语,carafe,1767,1,器具,3.285532394719277e-07,5.5839806542851776e-08,221.0,0,1
意大利语,lasagna,1846,1,面食,5.817650341149212e-07,5.6102457896146537e-08,214.0,0,1
纳瓦特尔语,chicha,1581,1,饮品,2.1287184281959528e-07,5.6455830932516046e-08,221.0,0,1
法语,bagel,1898,1,烘焙,5.281295086336156e-07,5.6777675986071857e-08,216.0,0,1
意大利语,ricotta,1617,1,乳制品,5.397993488389017e-07,5.762189309550236e-08,218.0,0,1
阿拉伯语,baba,1813,1,菜品,2.755508948634348e-07,6.144198333083106e-08,221.0,0,1
波斯语,chutney,1792,1,调味品,3.834516267683544e-07,6.421029789795446e-08,200.0,1,2
意大利语,polenta,12世纪,1,主食,3.863474985012415e-07,7.03571392336285e-08,221.0,0,1
法语,vinaigrette,1811,1,调味品,4.597307037913977e-07,7.046328383975469e-08,215.0,0,1
日语,miso,1615,1,调味品,6.208676381902478e-07,7.280817034731393e-08,221.0,1,2
土耳其语,cuttlefish,1591,1,海鲜,1.9372782641572227e-07,7.652992624409072e-08,221.0,0,1
纳瓦特尔语,quinoa,1625,1,食材,1.0123185347765684e-06,7.77475499225535e-08,221.0,0,1
法语,bistro,1919,1,餐厅,5.899630122842479e-07,7.880350706959983e-08,221.0,0,1
西班牙语,flan,1846,1,甜品,1.528646253388745e-07,7.901196486379097e-08,221.0,0,1
意大利语,mozzarella,1911,1,乳制品,7.323019336321782e-07,7.930644912127165e-08,160.0,0,1
阿拉伯语,julep,14世纪,1,饮品,2.317705245502566e-07,7.942089528130394e-08,221.0,0,1
西班牙语,tapas,1817,1,小菜,4.812031144345903e-07,7.953862636497113e-08,221.0,0,1
法语,mousse,1885,1,甜品,4.3866177179552324e-07,8.485741139267768e-08,221.0,0,1
意大利语,salami,1850,1,肉类,4.0534542173580643e-07,8.55228041057254e-08,221.0,0,1
纳瓦特尔语,pulque,1693,1,饮品,1.8520134403843258e-07,8.555037117925416e-08,221.0,0,1
意大利语,latte,1985,1,饮品,6.192381891066492e-07,8.559279563163207e-08,221.0,0,1
土耳其语,vermouth,1806,1,饮品,2.69507548214928e-07,8.764203858159478e-08,202.0,0,1
波斯语,hazelnut,12世纪,1,坚果,3.712479497153254e-07,8.840650341006453e-08,221.0,1,2
德语,delicatessen,1885,1,食品/店,2.884498034713293e-07,9.580758028198304e-08,195.0,0,1
法语,purée,,0,泥,7.629807084543115e-07,9.615907054277339e-08,221.0,0,1
纳瓦特尔语,tequila,1849,1,饮品,8.939615716891629e-07,9.673264713912053e-08,210.0,1,2
日语,sushi,1879,1,海鲜,9.66396807403466e-07,1.0612911288038345e-07,221.0,0,1
汉语,wok,1952,1,厨具,5.861777318776668e-07,1.072936273768775e-07,221.0,0,1
荷兰语,waffle,1744,1,烘焙,4.6186430527736134e-07,1.0757601622287435e-07,221.0,0,1
意大利语,espresso,1930,1,饮品,1.0244283430438372e-06,1.0957602300323243e-07,221.0,0,1
韩语,sesame oil,1870,1,调味品,5.229700426363186e-07,1.1132980199806073e-07,209.0,0,1
纳瓦特尔语,tortilla,1648,1,主食,7.740027448172831e-07,1.1161514516910389e-07,221.0,1,2
阿拉伯语,bergamot,1600,1,水果,2.2198578010699883e-07,1.1169085470158229e-07,221.0,0,1
意大利语,vermicelli,1669,1,面食,1.770213649316637e-07,1.1355840567134029e-07,221.0,0,1
阿拉伯语,chai,1984,1,饮品,3.4263252603393214e-07,1.1545236599425317e-07,221.0,1,2
法语,chowder,1732,1,汤,3.518121575650314e-07,1.1816539864250297e-07,221.0,0,1
德语,bock,1835,1,饮品,2.511610901478889e-07,1.1850576393543553e-07,221.0,0,1
土耳其语,sultana,1585,1,水果,5.1403092576103e-07,1.203096439588837e-07,221.0,0,1
土耳其语,tarragon,1538,1,调味品,4.607040214718187e-07,1.2148877734401697e-07,221.0,0,1
波斯语,pistachio,1598,1,坚果,3.265711459984492e-07,1.229020894749651e-07,221.0,1,2
法语,sauté,,0,烹饪法,1.3647185629192142e-06,1.247928859370553e-07,220.0,0,1
西班牙语,cilantro,1903,1,调味品,1.430040323871903e-06,1.262516672413286e-07,176.0,1,2
纳瓦特尔语,amaranth,1616,1,食材,2.29269303986257e-07,1.2651564215468597e-07,221.0,0,1
纳瓦特尔语,chia,1832,1,食材,5.119268077383563e-07,1.2727519233126745e-07,221.0,0,1
土耳其语,martini,1890,1,饮品,7.950343712894079e-07,1.2844199181438594e-07,221.0,0,1
土耳其语,jellyfish,1818,1,海鲜,6.587924060243365e-07,1.359210227924806e-07,214.0,0,1
德语,sauerkraut,1617,1,小菜,3.893026822814656e-07,1.363054674017504e-07,218.0,0,1
法语,omelette,1611,1,蛋类,3.9289698504165126e-07,1.3743908143255846e-07,221.0,0,1
土耳其语,oregano,1771,1,调味品,1.1920152311566715e-06,1.402327103790357e-07,205.0,0,1
纳瓦特尔语,zucchini,1925,1,蔬菜,1.095040212411342e-06,1.4063490210404826e-07,166.0,1,3
波斯语,caraway,13世纪,1,调味品,2.3139428151353059e-07,1.4328257654878732e-07,221.0,1,3
阿拉伯语,alembic,14世纪,1,器具,5.280132484131173e-07,1.4352461743891174e-07,221.0,0,1
土耳其语,cardamom,15世纪,1,调味品,6.393324107583404e-07,1.4744587505507546e-07,221.0,0,1
纳瓦特尔语,cashew,1598,1,坚果,4.657596710850547e-07,1.5494073850814305e-07,221.0,1,2
纳瓦特尔语,salsa,1962,1,调味品,1.3805894078749198e-06,1.575997805365891e-07,221.0,1,2
法语,entrée,,0,菜品,5.774379425409799e-07,1.6000447985163842e-07,221.0,0,1
土耳其语,parsnip,14世纪,1,蔬菜,2.6465029025400456e-07,1.6119394812910937e-07,221.0,0,1
土耳其语,allspice,1621,1,调味品,3.6302034800428373e-07,1.6611504587031434e-07,221.0,0,1
纳瓦特尔语,guava,1604,1,水果,2.7982919854301666e-07,1.705059873806976e-07,221.0,1,2
汉语,tofu,1771,1,豆制品,1.823980109553044e-06,1.7338485312550914e-07,221.0,1,3
波斯语,licorice,13世纪,1,甜品,4.87957598644633e-07,1.7368888291502146e-07,221.0,0,1
纳瓦特尔语,ipecac,1682,1,药品,4.913186038330813e-07,1.73984322204918e-07,221.0,0,1
土耳其语,marjoram,15世纪,1,调味品,4.321570575679549e-07,1.7999247256602617e-07,221.0,0,1
汉语,ketchup,1690,1,调味品,1.0215342984208422e-06,1.858833442112472e-07,221.0,1,2
汉语,soy sauce,1775,1,调味品,1.3966380590448222e-06,1.874406665375265e-07,200.0,1,3
土耳其语,prawn,15世纪,1,海鲜,7.186785962533447e-07,1.8827134997717016e-07,221.0,0,1
纳瓦特尔语,curare,1777,1,药品,7.705913763597241e-07,1.9188970032388799e-07,221.0,0,1
波斯语,arrack,1521,1,饮品,4.89095396817772e-07,1.922501500628088e-07,221.0,1,2
阿拉伯语,sumac,14世纪,1,调味品,4.740348263762176e-07,1.967633654296489e-07,221.0,0,1
波斯语,caviar,1560,1,食材,5.676649834640557e-07,2.0477756303512803e-07,221.0,1,2
纳瓦特尔语,papaya,1598,1,水果,5.844511049092813e-07,2.066300403489855e-07,221.0,1,2
纳瓦特尔语,manioc,1544,1,食材,4.523228795960677e-07,2.0663785484764218e-07,221.0,0,1
波斯语,cumin,12世纪,1,调味品,1.5598376259211882e-06,2.158360881558833e-07,221.0,1,3
波斯语,sherbet,1603,1,饮品,4.691786200185432e-07,2.1918348916837346e-07,221.0,1,3
波斯语,tamarind,15世纪,1,调味品,4.764286407927492e-07,2.2373924720609597e-07,221.0,1,3
韩语,laver,1535,1,食材,5.524880870260469e-07,2.2877158244370145e-07,221.0,0,1
土耳其语,paprika,1830,1,调味品,1.124763351916564e-06,2.3194131577848625e-07,214.0,0,1
德语,lager,1852,1,饮品,5.964308148317546e-07,2.327722000288769e-07,221.0,0,1
土耳其语,eggplant,1767,1,蔬菜,1.0068776776149335e-06,2.383742929093744e-07,221.0,0,1
阿拉伯语,artichoke,1530,1,蔬菜,5.150057234004635e-07,2.470601340065756e-07,221.0,1,2
汉语,ginseng,1654,1,药材/食材,7.751206437335765e-07,2.483567196086764e-07,221.0,0,1
德语,hamburger,1884,1,肉类,1.2289113036396363e-06,2.618033884868811e-07,220.0,0,1
波斯语,anise,14世纪,1,调味品,4.325684171492737e-07,2.629108437675847e-07,221.0,0,1
土耳其语,dill,12世纪,1,调味品,9.272815272457332e-07,2.683848824261863e-07,221.0,0,1
阿拉伯语,coriander,14世纪,1,调味品,1.5427325316912691e-06,2.762841674670762e-07,221.0,1,2
土耳其语,caper,1592,1,调味品,5.622909782232455e-07,2.787104122379996e-07,221.0,0,1
土耳其语,octopus,1759,1,海鲜,9.771531819881472e-07,2.8034587631957385e-07,221.0,0,1
土耳其语,anchovy,1582,1,海鲜,8.217461088731528e-07,2.8318735706906805e-07,221.0,0,1
荷兰语,booze,14世纪,1,饮品,1.8999451672893236e-06,2.861987465503447e-07,221.0,0,1
纳瓦特尔语,tapioca,1707,1,食材,7.510889109393506e-07,3.029892158464533e-07,221.0,0,1
土耳其语,sardine,14世纪,1,海鲜,8.873883936238209e-07,3.166645537712997e-07,221.0,0,1
印地语/乌尔都语,ghee,1665,1,调味品,7.113123388080567e-07,3.180745853966911e-07,221.0,0,1
纳瓦特尔语,avocado,1696,1,水果,1.6480703379784245e-06,3.236043284680432e-07,221.0,1,3
印地语/乌尔都语,sev,,0,小吃,5.031909446578149e-07,3.313709347666267e-07,221.0,0,1
波斯语,jasmine,1562,1,茶,7.809905712617495e-07,3.412629994595335e-07,221.0,1,2
纳瓦特尔语,sweet potato,1750,1,蔬菜,8.750177309073999e-07,3.572205669661973e-07,221.0,0,1
波斯语,raisin,14世纪,1,水果,8.145428377507155e-07,3.615742995850738e-07,221.0,1,3
土耳其语,yogurt,1625,1,乳制品,2.9574084042646324e-06,3.674720958490583e-07,198.0,0,1
意大利语,spaghetti,1874,1,面食,1.9035687890729088e-06,3.679931087047294e-07,211.0,0,1
土耳其语,basil,15世纪,1,调味品,2.2096898776778417e-06,3.686084806422069e-07,221.0,0,1
法语,mayonnaise,1845,1,调味品,1.3400396353193045e-06,3.7212961206611093e-07,221.0,0,1
纳瓦特尔语,chili,1604,1,调味品,2.103104666925252e-06,3.724236290401693e-07,221.0,1,3
法语,bouillon,1656,1,汤底,1.8364778660335496e-06,3.848081229021036e-07,221.0,0,1
意大利语,broccoli,1699,1,蔬菜,1.8242582200400648e-06,3.976078511736754e-07,221.0,1,2
西班牙语,barbecue,1689,1,烹饪法,2.1941838862663384e-06,3.999312431960153e-07,221.0,0,1
纳瓦特尔语,coca,1670,1,植物,1.2487617401088106e-06,4.088600635050853e-07,221.0,0,1
阿拉伯语,turmeric,15世纪,1,调味品,1.0824483313496915e-06,4.08924443025766e-07,221.0,0,1
土耳其语,squid,1613,1,海鲜,1.5325755709584752e-06,4.092201866179473e-07,221.0,0,1
印地语/乌尔都语,dal,1673,1,主食,1.2866132124145224e-06,4.54279076535607e-07,221.0,0,1
土耳其语,mussel,12世纪,1,海鲜,1.2472186361784615e-06,4.572770492597386e-07,221.0,0,1
阿拉伯语,citron,1530,1,水果,9.696207387475757e-07,4.5806746335863124e-07,221.0,0,1
意大利语,macaroni,1673,1,面食,1.0911605435077426e-06,4.730892925071802e-07,221.0,0,1
土耳其语,radish,15世纪,1,蔬菜,8.126786172267333e-07,4.853864283758246e-07,221.0,0,1
土耳其语,rosemary,14世纪,1,调味品,1.5012503646565683e-06,4.883711100255504e-07,221.0,0,1
土耳其语,sturgeon,13世纪,1,海鲜,8.024436510822852e-07,5.038093195179067e-07,221.0,0,1
韩语,sesame,15世纪,1,调味品,1.7323539590766553e-06,5.052841683327123e-07,221.0,0,1
纳瓦特尔语,cassava,1555,1,食材,1.8711246931551223e-06,5.145150700612696e-07,221.0,0,1
荷兰语,cookie,1779,1,甜品,3.96113474770183e-06,5.350126620706995e-07,221.0,0,1
西班牙语,plantain,13世纪,1,水果,1.1565703305547816e-06,5.429366333658655e-07,221.0,1,2
韩语,acorn,12世纪,1,食材,8.316116577589128e-07,5.766329972094168e-07,221.0,0,1
意大利语,pasta,1827,1,主食,4.637889755291066e-06,5.780536287424676e-07,221.0,0,1
波斯语,apricot,1580,1,水果,9.932904682890303e-07,6.174860861846897e-07,221.0,1,3
土耳其语,kelp,14世纪,1,食材,1.264763324927896e-06,6.235317150618628e-07,221.0,0,1
波斯语,mango,1582,1,水果,1.5055926496643224e-06,6.319807620201046e-07,221.0,1,2
土耳其语,cauliflower,1597,1,蔬菜,1.330009597820338e-06,6.522452472811794e-07,221.0,0,1
土耳其语,clove,12世纪,1,调味品,1.351989193868316e-06,6.569897258669705e-07,221.0,0,1
纳瓦特尔语,pumpkin,1664,1,蔬菜,2.240709493759953e-06,6.574742941267107e-07,221.0,1,2
意大利语,pizza,1825,1,烘焙,6.586489754616716e-06,6.648156823838178e-07,220.0,0,1
波斯语,curry,13世纪,1,调味品,2.2572472257057337e-06,6.650238426695799e-07,221.0,1,2
印地语/乌尔都语,buttermilk,15世纪,1,饮品,1.871325707725191e-06,6.817335537636573e-07,221.0,0,1
韩语,seaweed,1577,1,食材,1.6052742921601748e-06,6.885309079625393e-07,221.0,0,1
法语,café,,0,饮品,6.630593231550717e-06,6.96264957268899e-07,221.0,0,1
土耳其语,thyme,14世纪,1,调味品,2.0483137989556e-06,7.281982919247044e-07,221.0,0,1
纳瓦特尔语,cacao,1555,1,食材,1.610363840752273e-06,7.403167630147176e-07,221.0,0,1
法语,cuisine,1786,1,烹饪,3.125362549586238e-06,7.623555687676315e-07,221.0,0,1
土耳其语,clam,15世纪,1,海鲜,1.2759818608693813e-06,7.785252049855761e-07,221.0,0,1
波斯语,currant,14世纪,1,水果,1.5130346875074402e-06,8.214075623869547e-07,221.0,1,3
波斯语,prune,14世纪,1,水果,1.4614834559064808e-06,8.280589746654481e-07,221.0,1,3
西班牙语,sherry,1584,1,饮品,1.8997046059407045e-06,8.343328602626943e-07,221.0,1,2
纳瓦特尔语,pineapple,1624,1,水果,1.9691164132901965e-06,8.373888776701189e-07,221.0,1,2
波斯语,saffron,13世纪,1,调味品,2.017263503668281e-06,8.603036219905642e-07,221.0,1,3
印地语/乌尔都语,pickle,15世纪,1,小菜,1.9812983680367324e-06,8.64492752954259e-07,221.0,1,2
土耳其语,nutmeg,15世纪,1,调味品,2.3827024863619173e-06,8.985202016706562e-07,221.0,0,1
土耳其语,cucumber,14世纪,1,蔬菜,1.9174709028188123e-06,9.247329047687276e-07,221.0,0,1
纳瓦特尔语,squash,1565,1,蔬菜,2.702126266740379e-06,9.345739958967889e-07,221.0,1,2
土耳其语,carrot,1533,1,蔬菜,2.6412194854076787e-06,9.78115159298416e-07,221.0,0,1
波斯语,musk,14世纪,1,调味品,1.943969258328642e-06,1.025040791865749e-06,221.0,0,1
波斯语,spinach,15世纪,1,蔬菜,2.850085853164533e-06,1.0329226834175622e-06,221.0,1,3
土耳其语,asparagus,1543,1,蔬菜,1.885668179316521e-06,1.0388419485544445e-06,221.0,0,1
纳瓦特尔语,vanilla,1662,1,调味品,4.972142245865793e-06,1.0935336426536107e-06,221.0,1,3
法语,pastry,15世纪,1,烘焙,3.260867937829711e-06,1.1127819010789575e-06,221.0,0,1
波斯语,almond,14世纪,1,坚果,2.639197418830008e-06,1.1407907567165326e-06,221.0,1,2
土耳其语,tuna,1881,1,海鲜,4.151269292508784e-06,1.1646871553884348e-06,221.0,0,1
法语,chef,1826,1,职业,4.247558568489954e-06,1.203852307432185e-06,221.0,0,1
纳瓦特尔语,peanut,1802,1,坚果,3.3628075470915064e-06,1.2184685053698274e-06,221.0,1,2
土耳其语,carp,15世纪,1,海鲜,4.0554723779808095e-06,1.2360031643146568e-06,221.0,0,1
土耳其语,lobster,12世纪,1,海鲜,2.227138501049402e-06,1.3490235157316726e-06,221.0,0,1
土耳其语,parsley,12世纪,1,调味品,3.492972642301798e-06,1.351376622381099e-06,221.0,0,1
土耳其语,turnip,1537,1,蔬菜,5.302424109946255e-06,1.4744729612124086e-06,221.0,0,1
土耳其语,celery,1664,1,蔬菜,3.198809378903077e-06,1.5066446078085986e-06,221.0,0,1
西班牙语,banana,1597,1,水果,3.817368354118246e-06,1.5709964748502531e-06,221.0,1,3
土耳其语,shrimp,14世纪,1,海鲜,5.052231959520473e-06,1.6820937130591222e-06,221.0,0,1
土耳其语,coconut,1599,1,水果,6.023898549756268e-06,1.6884335114495114e-06,221.0,0,1
韩语,hoe,14世纪,1,生食,3.5491851316952046e-06,1.6905950330871356e-06,221.0,0,1
土耳其语,lettuce,14世纪,1,蔬菜,4.091950781262962e-06,1.793042837342318e-06,221.0,0,1
法语,champagne,1664,1,饮品,5.726242696774924e-06,1.8375656606335704e-06,221.0,0,1
阿拉伯语,cinnamon,14世纪,1,调味品,4.350633649404959e-06,1.907812515440938e-06,221.0,1,2
土耳其语,crab,12世纪,1,海鲜,3.0346223281542606e-06,2.02437625255989e-06,221.0,0,1
纳瓦特尔语,cocaine,1860,1,毒品,1.0389180455864076e-05,2.178535265501524e-06,221.0,0,1
纳瓦特尔语,quinine,1825,1,药品,7.110330768357796e-06,2.2272315240865863e-06,221.0,0,1
韩语,agar,1885,1,食材,5.697808579238231e-06,2.323393665552793e-06,221.0,0,1
波斯语,walnut,12世纪,1,坚果,4.323469316399756e-06,2.4181254289022664e-06,221.0,1,2
土耳其语,amino acids,1897,1,营养,8.35263095463493e-06,2.419170275273774e-06,212.0,0,1
波斯语,candy,1587,1,甜品,6.007539728411107e-06,2.505075035133303e-06,221.0,1,3
波斯语,amber,14世纪,1,调味品,4.11071680771004e-06,2.5411593345520232e-06,221.0,1,2
纳瓦特尔语,tomato,1604,1,蔬菜,6.351990058257277e-06,2.552736530805368e-06,221.0,1,3
法语,mustard,13世纪,1,调味品,4.0080515516040445e-06,2.5886167482767878e-06,221.0,0,1
土耳其语,oyster,13世纪,1,海鲜,5.829408304894709e-06,2.7922698426623323e-06,221.0,0,1
阿拉伯语,molasses,1582,1,调味品,5.831878492504724e-06,2.8326466173654043e-06,221.0,0,1
荷兰语,gin,1713,1,饮品,4.206872972645215e-06,2.91195445873599e-06,221.0,0,1
土耳其语,cabbage,15世纪,1,蔬菜,5.967680798286372e-06,3.169269509458793e-06,221.0,0,1
波斯语,peach,14世纪,1,水果,6.025476328172122e-06,3.219103096929102e-06,221.0,1,3
纳瓦特尔语,cocoa,1730,1,饮品,4.349742701898711e-06,3.2320643017768617e-06,221.0,1,3
西班牙语,ranch,1831,1,调味品,9.185446417957011e-06,3.2872359675921342e-06,221.0,0,1
波斯语,syrup,14世纪,1,调味品,4.921189559224461e-06,3.419259426854204e-06,221.0,1,3
土耳其语,mint,12世纪,1,调味品,5.915397261040718e-06,3.4637246622113143e-06,221.0,0,1
土耳其语,beet,12世纪,1,蔬菜,8.63520121388969e-06,3.472681598667994e-06,221.0,0,1
纳瓦特尔语,mole,14世纪,1,调味品,1.1093292674299196e-05,3.610401931245921e-06,221.0,1,2
法语,menu,1830,1,物品,2.2737488377190728e-05,3.704389122525556e-06,221.0,0,1
纳瓦特尔语,chocolate,1604,1,甜品,1.5460668951813466e-05,3.763920914514948e-06,221.0,1,3
西班牙语,lemon,15世纪,1,水果,9.47868024273443e-06,4.082198575043394e-06,221.0,1,4
纳瓦特尔语,maize,1544,1,主食,8.393553538813389e-06,4.244782155593856e-06,221.0,1,2
土耳其语,sage,13世纪,1,调味品,1.0866702983288892e-05,4.502212733232558e-06,221.0,0,1
荷兰语,brandy,1650,1,饮品,8.524767248932871e-06,4.655992286934512e-06,221.0,0,1
阿拉伯语,jar,1592,1,器具,6.616180404047814e-06,4.978041784868856e-06,221.0,0,1
土耳其语,pepper,12世纪,1,调味品,1.5669762433390133e-05,5.411615937080216e-06,221.0,0,1
法语,restaurant,1806,1,场所,2.537393213840135e-05,5.617464091353712e-06,221.0,0,1
土耳其语,trout,12世纪,1,海鲜,9.67976179059146e-06,5.867252748688665e-06,221.0,0,1
纳瓦特尔语,potato,1565,1,蔬菜,1.1812562271578436e-05,6.350746386003528e-06,221.0,1,3
纳瓦特尔语,mate,14世纪,1,饮品,1.3928437380984955e-05,7.364860529280558e-06,221.0,0,1
土耳其语,olive,1600,1,水果,1.2326152370535834e-05,7.488697091226026e-06,221.0,0,1
土耳其语,salmon,13世纪,1,海鲜,1.1996027621665104e-05,7.5941428710839105e-06,221.0,0,1
西班牙语,orange,1532,1,水果,1.8066073347914164e-05,1.2001353236069144e-05,221.0,1,4
阿拉伯语,coffee,1598,1,饮品,5.070251998923985e-05,1.8535733146047687e-05,221.0,1,2
阿拉伯语,fig,13世纪,1,水果,2.809000735786477e-05,1.9897853729154854e-05,221.0,1,2
汉语,tea,1655,1,饮品,3.764344260811673e-05,2.1246191445764592e-05,221.0,0,1
阿拉伯语,alcohol,1672,1,饮品,3.886747903639584e-05,2.535838595018029e-05,221.0,0,1
西班牙语,lime,12世纪,1,水果,4.946914705215022e-05,2.55937280321878e-05,221.0,1,3
日语,sake,13世纪,1,饮品,5.338084728074526e-05,2.9973852683596185e-05,221.0,0,1
西班牙语,port,12世纪,1,饮品,6.05557813417233e-05,4.053802875037151e-05,221.0,1,2
波斯语,sugar,14世纪,1,调味品,6.930944177189044e-05,4.143081222509908e-05,221.0,1,3
纳瓦特尔语,corn,12世纪,1,主食,6.947205038159155e-05,4.293154889273943e-05,221.0,1,2
阿拉伯语,date,14世纪,1,水果,0.0002362967872094,0.000133881043122,221.0,1,2
